transaction_id,old_parent,old_parent_pres,new_parent,new_parent_pres,child,type,date
2403-53_tr_03,Minister of Defence,:RW,Minister of Defence,:AK,Office of the Chief of Defence Staff,department,2024-09-27
2403-53_tr_04,Minister of Defence,:RW,Minister of Defence,:AK,Sri Lanka Army,department,2024-09-27
2403-53_tr_05,Minister of Defence,:RW,Minister of Defence,:AK,Sri Lanka Navy,department,2024-09-27
2403-53_tr_06,Minister of Defence,:RW,Minister of Defence,:AK,Sri Lanka Air Force,department,2024-09-27
2403-53_tr_07,Minister of Defence,:RW,Minister of Defence,:AK,State Intelligence Service,department,2024-09-27
2403-53_tr_08,Minister of Defence,:RW,Minister of Defence,:AK,Civil Security Department,department,2024-09-27
2403-53_tr_09,Minister of Defence,:RW,Minister of Defence,:AK,National Cadet Corps,department,2024-09-27
2403-53_tr_10,Minister of Defence,:RW,Minister of Defence,:AK,National Authority for the Implementation of Chemical Weapons Convention,department,2024-09-27
2403-53_tr_11,Minister of Defence,:RW,Minister of Defence,:AK,Sir John Kotelawala Defence University,department,2024-09-27
2403-53_tr_12,Minister of Defence,:RW,Minister of Defence,:AK,Defence Services Command and Staff College,department,2024-09-27
2403-53_tr_13,Minister of Defence,:RW,Minister of Defence,:AK,Miloda Institute - as a Faculty of Kotelawala Defence University,department,2024-09-27
2403-53_tr_14,Minister of Defence,:RW,Minister of Defence,:AK,Defence Research and Development Centre,department,2024-09-27
2403-53_tr_15,Minister of Defence,:RW,Minister of Defence,:AK,Institute of National Security Studies,department,2024-09-27
2403-53_tr_16,Minister of Defence,:RW,Minister of Defence,:AK,National Defence College,department,2024-09-27
2403-53_tr_17,Minister of Defence,:RW,Minister of Defence,:AK,Rakna Arakshana Lanka Ltd.,department,2024-09-27
2403-53_tr_18,Minister of Defence,:RW,Minister of Defence,:AK,Coast Guard Department of Sri Lanka,department,2024-09-27
2403-53_tr_19,Minister of Defence,:RW,Minister of Defence,:AK,National Defence Fund,department,2024-09-27
2403-53_tr_20,Minister of Defence,:RW,Minister of Defence,:AK,Ranaviru Seva Authority,department,2024-09-27
2403-53_tr_21,Minister of Defence,:RW,Minister of Defence,:AK,Api Wenuwen Api Fund,department,2024-09-27
2403-53_tr_22,Minister of Defence,:RW,Minister of Defence,:AK,Department of Meteorology,department,2024-09-27
2403-53_tr_23,Minister of Defence,:RW,Minister of Defence,:AK,National Disaster Management Council,department,2024-09-27
2403-53_tr_24,Minister of Defence,:RW,Minister of Defence,:AK,Disaster Management Centre,department,2024-09-27
2403-53_tr_25,Minister of Defence,:RW,Minister of Defence,:AK,National Disaster Relief Services Centre,department,2024-09-27
2403-53_tr_26,Minister of Defence,:RW,Minister of Defence,:AK,National Building Research Organization,department,2024-09-27
2403-53_tr_27,Minister of Technology,:RW,Minister of Defence,:AK,Telecommunication Regulatory Commission of Sri Lanka and Allied Institutions,department,2024-09-27
2403-53_tr_28,"Minister of Finance, Economic Stabilization and National Policies",:RW,"Minister of Finance, Economic Development, Policy Formulation, Planning and Tourism",:AK,Department of External Resources,department,2024-09-27
2403-53_tr_29,"Minister of Finance, Economic Stabilization and National Policies",:RW,"Minister of Finance, Economic Development, Policy Formulation, Planning and Tourism",:AK,General Treasury,department,2024-09-27
2403-53_tr_30,"Minister of Finance, Economic Stabilization and National Policies",:RW,"Minister of Finance, Economic Development, Policy Formulation, Planning and Tourism",:AK,Department of Fiscal Policy,department,2024-09-27
2403-53_tr_31,"Minister of Finance, Economic Stabilization and National Policies",:RW,"Minister of Finance, Economic Development, Policy Formulation, Planning and Tourism",:AK,Department of National Budget,department,2024-09-27
2403-53_tr_32,"Minister of Finance, Economic Stabilization and National Policies",:RW,"Minister of Finance, Economic Development, Policy Formulation, Planning and Tourism",:AK,Department of Management Services,department,2024-09-27
2403-53_tr_33,"Minister of Finance, Economic Stabilization and National Policies",:RW,"Minister of Finance, Economic Development, Policy Formulation, Planning and Tourism",:AK,Department of Public Finance,department,2024-09-27
2403-53_tr_34,"Minister of Finance, Economic Stabilization and National Policies",:RW,"Minister of Finance, Economic Development, Policy Formulation, Planning and Tourism",:AK,Department of Treasury Operations,department,2024-09-27
2403-53_tr_35,"Minister of Finance, Economic Stabilization and National Policies",:RW,"Minister of Finance, Economic Development, Policy Formulation, Planning and Tourism",:AK,Department of State Accounts,department,2024-09-27
2403-53_tr_36,"Minister of Finance, Economic Stabilization and National Policies",:RW,"Minister of Finance, Economic Development, Policy Formulation, Planning and Tourism",:AK,Department of Legal Affairs,department,2024-09-27
2403-53_tr_37,"Minister of Finance, Economic Stabilization and National Policies",:RW,"Minister of Finance, Economic Development, Policy Formulation, Planning and Tourism",:AK,Department of Management Audit,department,2024-09-27
2403-53_tr_38,"Minister of Finance, Economic Stabilization and National Policies",:RW,"Minister of Finance, Economic Development, Policy Formulation, Planning and Tourism",:AK,Department of Development Finance,department,2024-09-27
2403-53_tr_39,"Minister of Finance, Economic Stabilization and National Policies",:RW,"Minister of Finance, Economic Development, Policy Formulation, Planning and Tourism",:AK,Department of Public Enterprises,department,2024-09-27
2403-53_tr_40,"Minister of Finance, Economic Stabilization and National Policies",:RW,"Minister of Finance, Economic Development, Policy Formulation, Planning and Tourism",:AK,Department of Inland Revenue,department,2024-09-27
2403-53_tr_41,"Minister of Finance, Economic Stabilization and National Policies",:RW,"Minister of Finance, Economic Development, Policy Formulation, Planning and Tourism",:AK,Sri Lanka Customs,department,2024-09-27
2403-53_tr_42,"Minister of Finance, Economic Stabilization and National Policies",:RW,"Minister of Finance, Economic Development, Policy Formulation, Planning and Tourism",:AK,Department of Excise,department,2024-09-27
2403-53_tr_43,"Minister of Finance, Economic Stabilization and National Policies",:RW,"Minister of Finance, Economic Development, Policy Formulation, Planning and Tourism",:AK,National Lotteries Board,department,2024-09-27
2403-53_tr_44,"Minister of Finance, Economic Stabilization and National Policies",:RW,"Minister of Finance, Economic Development, Policy Formulation, Planning and Tourism",:AK,Development Lotteries Board,department,2024-09-27
2403-53_tr_45,"Minister of Finance, Economic Stabilization and National Policies",:RW,"Minister of Finance, Economic Development, Policy Formulation, Planning and Tourism",:AK,Department of Valuation,department,2024-09-27
2403-53_tr_46,"Minister of Finance, Economic Stabilization and National Policies",:RW,"Minister of Finance, Economic Development, Policy Formulation, Planning and Tourism",:AK,Central Bank of Sri Lanka,department,2024-09-27
2403-53_tr_47,"Minister of Finance, Economic Stabilization and National Policies",:RW,"Minister of Finance, Economic Development, Policy Formulation, Planning and Tourism",:AK,"All State Banks, Financial Institutions, Insurance Companies and their subsidiaries and related institutions",department,2024-09-27
2403-53_tr_48,"Minister of Finance, Economic Stabilization and National Policies",:RW,"Minister of Finance, Economic Development, Policy Formulation, Planning and Tourism",:AK,Insurance Regulatory Commission of Sri Lanka,department,2024-09-27
2403-53_tr_49,"Minister of Finance, Economic Stabilization and National Policies",:RW,"Minister of Finance, Economic Development, Policy Formulation, Planning and Tourism",:AK,Sri Lanka Insurance Corporation and its subsidiaries and affiliated companies,department,2024-09-27
2403-53_tr_50,"Minister of Finance, Economic Stabilization and National Policies",:RW,"Minister of Finance, Economic Development, Policy Formulation, Planning and Tourism",:AK,Credit Information Bureau,department,2024-09-27
2403-53_tr_51,"Minister of Finance, Economic Stabilization and National Policies",:RW,"Minister of Finance, Economic Development, Policy Formulation, Planning and Tourism",:AK,Securities and Exchange Commission of Sri Lanka,department,2024-09-27
2403-53_tr_52,"Minister of Finance, Economic Stabilization and National Policies",:RW,"Minister of Finance, Economic Development, Policy Formulation, Planning and Tourism",:AK,Sri Lanka Accounting and Auditing Standard Monitoring Board,department,2024-09-27
2403-53_tr_53,"Minister of Finance, Economic Stabilization and National Policies",:RW,"Minister of Finance, Economic Development, Policy Formulation, Planning and Tourism",:AK,Public Utilities Commission of Sri Lanka,department,2024-09-27
2403-53_tr_54,"Minister of Finance, Economic Stabilization and National Policies",:RW,"Minister of Finance, Economic Development, Policy Formulation, Planning and Tourism",:AK,Sri Lanka Export Credit Insurance Corporation,department,2024-09-27
2403-53_tr_55,"Minister of Finance, Economic Stabilization and National Policies",:RW,"Minister of Finance, Economic Development, Policy Formulation, Planning and Tourism",:AK,Housing Development Finance Corporation,department,2024-09-27
2403-53_tr_56,"Minister of Finance, Economic Stabilization and National Policies",:RW,"Minister of Finance, Economic Development, Policy Formulation, Planning and Tourism",:AK,State Mortgage and Investment Bank,department,2024-09-27
2403-53_tr_57,"Minister of Finance, Economic Stabilization and National Policies",:RW,"Minister of Finance, Economic Development, Policy Formulation, Planning and Tourism",:AK,Regional Development Bank,department,2024-09-27
2403-53_tr_58,"Minister of Finance, Economic Stabilization and National Policies",:RW,"Minister of Finance, Economic Development, Policy Formulation, Planning and Tourism",:AK,Tax Appeals Commission,department,2024-09-27
2403-53_tr_59,"Minister of Finance, Economic Stabilization and National Policies",:RW,"Minister of Finance, Economic Development, Policy Formulation, Planning and Tourism",:AK,Department of Census and Statistics,department,2024-09-27
2403-53_tr_60,"Minister of Finance, Economic Stabilization and National Policies",:RW,"Minister of Finance, Economic Development, Policy Formulation, Planning and Tourism",:AK,Institute of Policy Studies,department,2024-09-27
2403-53_tr_61,"Minister of Finance, Economic Stabilization and National Policies",:RW,"Minister of Finance, Economic Development, Policy Formulation, Planning and Tourism",:AK,Sustainable Development Council,department,2024-09-27
2403-53_tr_62,"Minister of Finance, Economic Stabilization and National Policies",:RW,"Minister of Finance, Economic Development, Policy Formulation, Planning and Tourism",:AK,Welfare Benefits Board,department,2024-09-27
2403-53_tr_63,"Minister of Finance, Economic Stabilization and National Policies",:RW,"Minister of Finance, Economic Development, Policy Formulation, Planning and Tourism",:AK,Public Service Mutual Provident Fund,department,2024-09-27
2403-53_tr_64,"Minister of Finance, Economic Stabilization and National Policies",:RW,"Minister of Finance, Economic Development, Policy Formulation, Planning and Tourism",:AK,"Strike, Riot, Civil Commotion and Terrorism Fund",department,2024-09-27
2403-53_tr_65,"Minister of Finance, Economic Stabilization and National Policies",:RW,"Minister of Finance, Economic Development, Policy Formulation, Planning and Tourism",:AK,National Insurance Trust Fund,department,2024-09-27
2403-53_tr_66,"Minister of Finance, Economic Stabilization and National Policies",:RW,"Minister of Finance, Economic Development, Policy Formulation, Planning and Tourism",:AK,Employees’ Trust Fund,department,2024-09-27
2403-53_tr_67,"Minister of Finance, Economic Stabilization and National Policies",:RW,"Minister of Finance, Economic Development, Policy Formulation, Planning and Tourism",:AK,Lady Lochore Fund,department,2024-09-27
2403-53_tr_68,"Minister of Finance, Economic Stabilization and National Policies",:RW,"Minister of Finance, Economic Development, Policy Formulation, Planning and Tourism",:AK,Sri Lanka Media Training Institute,department,2024-09-27
2403-53_tr_69,"Minister of Finance, Economic Stabilization and National Policies",:RW,"Minister of Finance, Economic Development, Policy Formulation, Planning and Tourism",:AK,Protection of Children National Trust Fund,department,2024-09-27
2403-53_tr_70,"Minister of Finance, Economic Stabilization and National Policies",:RW,"Minister of Finance, Economic Development, Policy Formulation, Planning and Tourism",:AK,Institutions coming under the Revival (Removal) of Underperforming Enterprises or Underutilized Assets Act vested to the Secretary to the Treasury,department,2024-09-27
2403-53_tr_71,"Minister of Finance, Economic Stabilization and National Policies",:RW,"Minister of Finance, Economic Development, Policy Formulation, Planning and Tourism",:AK,Sri Lanka Thriposha Co. Ltd.,department,2024-09-27
2403-53_tr_72,"Minister of Finance, Economic Stabilization and National Policies",:RW,"Minister of Finance, Economic Development, Policy Formulation, Planning and Tourism",:AK,Office of Comptroller General,department,2024-09-27
2403-53_tr_73,Non Cabinet Minister of Development Projects,:RW,"Minister of Finance, Economic Development, Policy Formulation, Planning and Tourism",:AK,Department of Project Management and Monitoring,department,2024-09-27
2403-53_tr_74,Non Cabinet Minister of Development Projects,:RW,"Minister of Finance, Economic Development, Policy Formulation, Planning and Tourism",:AK,Department of Information Technology Management,department,2024-09-27
2403-53_tr_75,"Minister of Finance, Economic Stabilization and National Policies",:RW,"Minister of Finance, Economic Development, Policy Formulation, Planning and Tourism",:AK,State Resources Management Corporation,department,2024-09-27
2403-53_tr_76,Minister of Industries,:RW,"Minister of Finance, Economic Development, Policy Formulation, Planning and Tourism",:AK,Department of the Registrar of Companies,department,2024-09-27
2403-53_tr_77,Minister of Investment Promotion,:RW,"Minister of Finance, Economic Development, Policy Formulation, Planning and Tourism",:AK,Colombo Port City Economic Commission,department,2024-09-27
2403-53_tr_78,Minister of Investment Promotion,:RW,"Minister of Finance, Economic Development, Policy Formulation, Planning and Tourism",:AK,Techno Park Development Company (Pvt.) Limited,department,2024-09-27
2403-53_tr_79,Minister of Investment Promotion,:RW,"Minister of Finance, Economic Development, Policy Formulation, Planning and Tourism",:AK,Sri Lanka Export Development Board,department,2024-09-27
2403-53_tr_80,Minister of Investment Promotion,:RW,"Minister of Finance, Economic Development, Policy Formulation, Planning and Tourism",:AK,Board of Investment of Sri Lanka,department,2024-09-27
2403-53_tr_81,Minister of Tourism and Lands,:RW,"Minister of Finance, Economic Development, Policy Formulation, Planning and Tourism",:AK,Sri Lanka Tourism Promotion Bureau,department,2024-09-27
2403-53_tr_82,Minister of Tourism and Lands,:RW,"Minister of Finance, Economic Development, Policy Formulation, Planning and Tourism",:AK,Sri Lanka Tourism Development Authority,department,2024-09-27
2403-53_tr_83,Minister of Tourism and Lands,:RW,"Minister of Finance, Economic Development, Policy Formulation, Planning and Tourism",:AK,Sri Lanka Institute of Tourism and Hotel Management,department,2024-09-27
2403-53_tr_84,Minister of Tourism and Lands,:RW,"Minister of Finance, Economic Development, Policy Formulation, Planning and Tourism",:AK,Sri Lanka Convention Bureau,department,2024-09-27
2403-53_tr_85,Minister of Tourism and Lands,:RW,"Minister of Finance, Economic Development, Policy Formulation, Planning and Tourism",:AK,Department of National Botanic Gardens,department,2024-09-27
2403-53_tr_86,Minister of Power and Energy,:RW,Minister of Energy,:AK,Ceylon Electricity Board and its subsidiary Companies,department,2024-09-27
2403-53_tr_87,Minister of Power and Energy,:RW,Minister of Energy,:AK,Ceylon Electricity Company,department,2024-09-27
2403-53_tr_88,Minister of Power and Energy,:RW,Minister of Energy,:AK,Lanka Coal Company (Pvt) Ltd,department,2024-09-27
2403-53_tr_89,Minister of Power and Energy,:RW,Minister of Energy,:AK,LTL Holdings (Pvt.) Ltd.,department,2024-09-27
2403-53_tr_90,Minister of Power and Energy,:RW,Minister of Energy,:AK,Ceylon Petroleum Corporation,department,2024-09-27
2403-53_tr_91,Minister of Power and Energy,:RW,Minister of Energy,:AK,Ceylon Petroleum Storage Terminal Ltd.,department,2024-09-27
2403-53_tr_92,Minister of Power and Energy,:RW,Minister of Energy,:AK,Petroleum Development Authority of Sri Lanka,department,2024-09-27
2403-53_tr_93,Minister of Power and Energy,:RW,Minister of Energy,:AK,Polipto Lanka (Pvt) Ltd,department,2024-09-27
2403-53_tr_94,Minister of Power and Energy,:RW,Minister of Energy,:AK,Sri Lanka Sustainable Energy Authority,department,2024-09-27
2403-53_tr_95,Minister of Power and Energy,:RW,Minister of Energy,:AK,Sri Lanka Atomic Energy Board,department,2024-09-27
2403-53_tr_96,Minister of Power and Energy,:RW,Minister of Energy,:AK,Sri Lanka Atomic Energy Regulatory Council,department,2024-09-27
2403-53_tr_97,Minister of Agriculture and Plantation Industries,:RW,"Minister of Agriculture, Lands, Livestock, Irrigation, Fisheries and Aquatic Resources",:AK,Department of Agriculture,department,2024-09-27
2403-53_tr_98,Minister of Agriculture and Plantation Industries,:RW,"Minister of Agriculture, Lands, Livestock, Irrigation, Fisheries and Aquatic Resources",:AK,Department of Agrarian Development,department,2024-09-27
2403-53_tr_99,Minister of Agriculture and Plantation Industries,:RW,"Minister of Agriculture, Lands, Livestock, Irrigation, Fisheries and Aquatic Resources",:AK,Agriculture and Agrarian Insurance Board,department,2024-09-27
2403-53_tr_100,Minister of Agriculture and Plantation Industries,:RW,"Minister of Agriculture, Lands, Livestock, Irrigation, Fisheries and Aquatic Resources",:AK,Paddy Marketing Board,department,2024-09-27
2403-53_tr_101,Minister of Agriculture and Plantation Industries,:RW,"Minister of Agriculture, Lands, Livestock, Irrigation, Fisheries and Aquatic Resources",:AK,Hector Kobbekaduwa Agrarian Research and Training Institute,department,2024-09-27
2403-53_tr_102,Minister of Agriculture and Plantation Industries,:RW,"Minister of Agriculture, Lands, Livestock, Irrigation, Fisheries and Aquatic Resources",:AK,Sri Lanka Council for Agricultural Research Policy,department,2024-09-27
2403-53_tr_103,Minister of Agriculture and Plantation Industries,:RW,"Minister of Agriculture, Lands, Livestock, Irrigation, Fisheries and Aquatic Resources",:AK,National Agricultural Diversification and Settlement Authority,department,2024-09-27
2403-53_tr_104,Minister of Agriculture and Plantation Industries,:RW,"Minister of Agriculture, Lands, Livestock, Irrigation, Fisheries and Aquatic Resources",:AK,National Fertilizer Secretariat,department,2024-09-27
2403-53_tr_105,Minister of Agriculture and Plantation Industries,:RW,"Minister of Agriculture, Lands, Livestock, Irrigation, Fisheries and Aquatic Resources",:AK,National Hunger Eradication Campaign Board of Sri Lanka (National Food Promotion Board),department,2024-09-27
2403-53_tr_106,Minister of Agriculture and Plantation Industries,:RW,"Minister of Agriculture, Lands, Livestock, Irrigation, Fisheries and Aquatic Resources",:AK,Department of Animal Production and Health,department,2024-09-27
2403-53_tr_107,Minister of Agriculture and Plantation Industries,:RW,"Minister of Agriculture, Lands, Livestock, Irrigation, Fisheries and Aquatic Resources",:AK,National Livestock Development Board and affiliated companies,department,2024-09-27
2403-53_tr_108,Minister of Agriculture and Plantation Industries,:RW,"Minister of Agriculture, Lands, Livestock, Irrigation, Fisheries and Aquatic Resources",:AK,Milco (Pvt.) Ltd,department,2024-09-27
2403-53_tr_109,Minister of Agriculture and Plantation Industries,:RW,"Minister of Agriculture, Lands, Livestock, Irrigation, Fisheries and Aquatic Resources",:AK,Mahaweli Livestock Enterprise Limited,department,2024-09-27
2403-53_tr_110,Minister of Tourism and Lands,:RW,"Minister of Agriculture, Lands, Livestock, Irrigation, Fisheries and Aquatic Resources",:AK,Department of Land Commissioner General,department,2024-09-27
2403-53_tr_111,Minister of Tourism and Lands,:RW,"Minister of Agriculture, Lands, Livestock, Irrigation, Fisheries and Aquatic Resources",:AK,Department of Land Use Policy Planning,department,2024-09-27
2403-53_tr_112,Minister of Tourism and Lands,:RW,"Minister of Agriculture, Lands, Livestock, Irrigation, Fisheries and Aquatic Resources",:AK,Land Reform Commission,department,2024-09-27
2403-53_tr_113,Minister of Tourism and Lands,:RW,"Minister of Agriculture, Lands, Livestock, Irrigation, Fisheries and Aquatic Resources",:AK,Institute of Surveying and Mapping,department,2024-09-27
2403-53_tr_114,Minister of Tourism and Lands,:RW,"Minister of Agriculture, Lands, Livestock, Irrigation, Fisheries and Aquatic Resources",:AK,Land Survey Council,department,2024-09-27
2403-53_tr_115,Minister of Tourism and Lands,:RW,"Minister of Agriculture, Lands, Livestock, Irrigation, Fisheries and Aquatic Resources",:AK,Land Acquisition Board of Review,department,2024-09-27
2403-53_tr_116,Minister of Irrigation,:RW,"Minister of Agriculture, Lands, Livestock, Irrigation, Fisheries and Aquatic Resources",:AK,Department of Irrigation,department,2024-09-27
2403-53_tr_117,Minister of Irrigation,:RW,"Minister of Agriculture, Lands, Livestock, Irrigation, Fisheries and Aquatic Resources",:AK,"Major irrigation development projects including Uma Oya, Moragahakanda, Kalu Ganga, Gin Ganga, Nilwala, Malwathu Oya",department,2024-09-27
2403-53_tr_118,Minister of Irrigation,:RW,"Minister of Agriculture, Lands, Livestock, Irrigation, Fisheries and Aquatic Resources",:AK,Central Engineering Consultancy Bureau and its subsidiaries and affiliated companies,department,2024-09-27
2403-53_tr_119,Minister of Irrigation,:RW,"Minister of Agriculture, Lands, Livestock, Irrigation, Fisheries and Aquatic Resources",:AK,Sri Lanka Mahaweli Authority,department,2024-09-27
2403-53_tr_120,Minister of Irrigation,:RW,"Minister of Agriculture, Lands, Livestock, Irrigation, Fisheries and Aquatic Resources",:AK,Engineering Council of Sri Lanka,department,2024-09-27
2403-53_tr_121,Minister of Fisheries,:RW,"Minister of Agriculture, Lands, Livestock, Irrigation, Fisheries and Aquatic Resources",:AK,Department of Fisheries and Aquatic Resources,department,2024-09-27
2403-53_tr_122,Minister of Fisheries,:RW,"Minister of Agriculture, Lands, Livestock, Irrigation, Fisheries and Aquatic Resources",:AK,National Aquatic Resources Research and Development Agency,department,2024-09-27
2403-53_tr_123,Minister of Fisheries,:RW,"Minister of Agriculture, Lands, Livestock, Irrigation, Fisheries and Aquatic Resources",:AK,National Aquaculture Development Authority,department,2024-09-27
2403-53_tr_124,Minister of Fisheries,:RW,"Minister of Agriculture, Lands, Livestock, Irrigation, Fisheries and Aquatic Resources",:AK,Ceylon Fisheries Corporation,department,2024-09-27
2403-53_tr_125,Minister of Fisheries,:RW,"Minister of Agriculture, Lands, Livestock, Irrigation, Fisheries and Aquatic Resources",:AK,Ceylon Fishery Harbours Corporation,department,2024-09-27
2403-53_tr_126,Minister of Fisheries,:RW,"Minister of Agriculture, Lands, Livestock, Irrigation, Fisheries and Aquatic Resources",:AK,Cey-Nor Foundation Ltd,department,2024-09-27
2403-53_tr_127,"Minister of Finance, Economic Stabilization and National Policies",:RW,"Minister of Agriculture, Lands, Livestock, Irrigation, Fisheries and Aquatic Resources",:AK,North Sea Ltd,department,2024-09-27
2403-53_tr_128,"Minister of Justice, Prisons Affairs and Constitutional Reforms",:RW,"Minister of Justice, Public Administration, Home Affairs, Provincial Councils, Local Government and Labour",:AK,Attorney General’s Department,department,2024-09-27
2403-53_tr_129,"Minister of Justice, Prisons Affairs and Constitutional Reforms",:RW,"Minister of Justice, Public Administration, Home Affairs, Provincial Councils, Local Government and Labour",:AK,Legal Draftsman’s Department,department,2024-09-27
2403-53_tr_130,"Minister of Justice, Prisons Affairs and Constitutional Reforms",:RW,"Minister of Justice, Public Administration, Home Affairs, Provincial Councils, Local Government and Labour",:AK,Department of Debt Conciliation Board,department,2024-09-27
2403-53_tr_131,"Minister of Justice, Prisons Affairs and Constitutional Reforms",:RW,"Minister of Justice, Public Administration, Home Affairs, Provincial Councils, Local Government and Labour",:AK,Department of Government Analyst,department,2024-09-27
2403-53_tr_132,"Minister of Justice, Prisons Affairs and Constitutional Reforms",:RW,"Minister of Justice, Public Administration, Home Affairs, Provincial Councils, Local Government and Labour",:AK,Office of the Registrar of the Supreme Court,department,2024-09-27
2403-53_tr_133,"Minister of Justice, Prisons Affairs and Constitutional Reforms",:RW,"Minister of Justice, Public Administration, Home Affairs, Provincial Councils, Local Government and Labour",:AK,Law Commission of Sri Lanka,department,2024-09-27
2403-53_tr_134,"Minister of Justice, Prisons Affairs and Constitutional Reforms",:RW,"Minister of Justice, Public Administration, Home Affairs, Provincial Councils, Local Government and Labour",:AK,Superior Courts Complex Board of Management,department,2024-09-27
2403-53_tr_135,"Minister of Justice, Prisons Affairs and Constitutional Reforms",:RW,"Minister of Justice, Public Administration, Home Affairs, Provincial Councils, Local Government and Labour",:AK,Legal Aid Commission of Sri Lanka,department,2024-09-27
2403-53_tr_136,"Minister of Justice, Prisons Affairs and Constitutional Reforms",:RW,"Minister of Justice, Public Administration, Home Affairs, Provincial Councils, Local Government and Labour",:AK,Mediation Boards Commission,department,2024-09-27
2403-53_tr_137,"Minister of Justice, Prisons Affairs and Constitutional Reforms",:RW,"Minister of Justice, Public Administration, Home Affairs, Provincial Councils, Local Government and Labour",:AK,Council of Legal Education,department,2024-09-27
2403-53_tr_138,"Minister of Justice, Prisons Affairs and Constitutional Reforms",:RW,"Minister of Justice, Public Administration, Home Affairs, Provincial Councils, Local Government and Labour",:AK,Commercial Mediation Centre of Sri Lanka,department,2024-09-27
2403-53_tr_139,"Minister of Justice, Prisons Affairs and Constitutional Reforms",:RW,"Minister of Justice, Public Administration, Home Affairs, Provincial Councils, Local Government and Labour",:AK,Sri Lanka International Arbitration Centre (Guarantee) Ltd,department,2024-09-27
2403-53_tr_140,"Minister of Justice, Prisons Affairs and Constitutional Reforms",:RW,"Minister of Justice, Public Administration, Home Affairs, Provincial Councils, Local Government and Labour",:AK,National Authority for the Protection of Victims of Crime and Witnesses,department,2024-09-27
2403-53_tr_141,"Minister of Justice, Prisons Affairs and Constitutional Reforms",:RW,"Minister of Justice, Public Administration, Home Affairs, Provincial Councils, Local Government and Labour",:AK,Department of Prisons,department,2024-09-27
2403-53_tr_142,"Minister of Justice, Prisons Affairs and Constitutional Reforms",:RW,"Minister of Justice, Public Administration, Home Affairs, Provincial Councils, Local Government and Labour",:AK,Community Based Correction Department,department,2024-09-27
2403-53_tr_143,"Minister of Justice, Prisons Affairs and Constitutional Reforms",:RW,"Minister of Justice, Public Administration, Home Affairs, Provincial Councils, Local Government and Labour",:AK,Training Schools for Youthful Offenders,department,2024-09-27
2403-53_tr_144,"Minister of Justice, Prisons Affairs and Constitutional Reforms",:RW,"Minister of Justice, Public Administration, Home Affairs, Provincial Councils, Local Government and Labour",:AK,Rehabilitation Commissioner General’s Office,department,2024-09-27
2403-53_tr_145,"Minister of Public Administration, Home Affairs, Provincial Councils and Local Government",:RW,"Minister of Justice, Public Administration, Home Affairs, Provincial Councils, Local Government and Labour",:AK,Department of Pensions,department,2024-09-27
2403-53_tr_146,"Minister of Public Administration, Home Affairs, Provincial Councils and Local Government",:RW,"Minister of Justice, Public Administration, Home Affairs, Provincial Councils, Local Government and Labour",:AK,Sri Lanka Institute of Development Administration,department,2024-09-27
2403-53_tr_147,"Minister of Public Administration, Home Affairs, Provincial Councils and Local Government",:RW,"Minister of Justice, Public Administration, Home Affairs, Provincial Councils, Local Government and Labour",:AK,Distance Learning Centre Ltd.,department,2024-09-27
2403-53_tr_148,"Minister of Public Administration, Home Affairs, Provincial Councils and Local Government",:RW,"Minister of Justice, Public Administration, Home Affairs, Provincial Councils, Local Government and Labour",:AK,National Human Resources Development Council of Sri Lanka,department,2024-09-27
2403-53_tr_149,"Minister of Public Administration, Home Affairs, Provincial Councils and Local Government",:RW,"Minister of Justice, Public Administration, Home Affairs, Provincial Councils, Local Government and Labour",:AK,Public Service Pensioners’ Trust Fund,department,2024-09-27
2403-53_tr_150,"Minister of Public Administration, Home Affairs, Provincial Councils and Local Government",:RW,"Minister of Justice, Public Administration, Home Affairs, Provincial Councils, Local Government and Labour",:AK,Local Government Service Pension Fund,department,2024-09-27
2403-53_tr_151,"Minister of Public Administration, Home Affairs, Provincial Councils and Local Government",:RW,"Minister of Justice, Public Administration, Home Affairs, Provincial Councils, Local Government and Labour",:AK,Local Government Widows’ and Orphans’ Pension Fund,department,2024-09-27
2403-53_tr_152,"Minister of Public Administration, Home Affairs, Provincial Councils and Local Government",:RW,"Minister of Justice, Public Administration, Home Affairs, Provincial Councils, Local Government and Labour",:AK,Local Government Widowers’ and Orphans’ Pension Fund,department,2024-09-27
2403-53_tr_153,"Minister of Public Administration, Home Affairs, Provincial Councils and Local Government",:RW,"Minister of Justice, Public Administration, Home Affairs, Provincial Councils, Local Government and Labour",:AK,All District Secretariats and Divisional Secretariats,department,2024-09-27
2403-53_tr_154,"Minister of Public Administration, Home Affairs, Provincial Councils and Local Government",:RW,"Minister of Justice, Public Administration, Home Affairs, Provincial Councils, Local Government and Labour",:AK,Department of Registrar General,department,2024-09-27
2403-53_tr_155,"Minister of Public Administration, Home Affairs, Provincial Councils and Local Government",:RW,"Minister of Justice, Public Administration, Home Affairs, Provincial Councils, Local Government and Labour",:AK,Sri Lanka Institute of Local Government,department,2024-09-27
2403-53_tr_156,"Minister of Public Administration, Home Affairs, Provincial Councils and Local Government",:RW,"Minister of Justice, Public Administration, Home Affairs, Provincial Councils, Local Government and Labour",:AK,Local Loans and Development Fund,department,2024-09-27
2403-53_tr_157,Minister of Labour and Foreign Employment,:RW,"Minister of Justice, Public Administration, Home Affairs, Provincial Councils, Local Government and Labour",:AK,Department of Labour,department,2024-09-27
2403-53_tr_158,Minister of Labour and Foreign Employment,:RW,"Minister of Justice, Public Administration, Home Affairs, Provincial Councils, Local Government and Labour",:AK,National Institute of Labour Studies,department,2024-09-27
2403-53_tr_159,Minister of Labour and Foreign Employment,:RW,"Minister of Justice, Public Administration, Home Affairs, Provincial Councils, Local Government and Labour",:AK,National Institute for Occupational Safety and Health,department,2024-09-27
2403-53_tr_160,Minister of Labour and Foreign Employment,:RW,"Minister of Justice, Public Administration, Home Affairs, Provincial Councils, Local Government and Labour",:AK,Office of the Commissioner of Workmen’s Compensation,department,2024-09-27
2403-53_tr_161,Minister of Labour and Foreign Employment,:RW,"Minister of Justice, Public Administration, Home Affairs, Provincial Councils, Local Government and Labour",:AK,National Productivity Secretariat,department,2024-09-27
2403-53_tr_162,Minister of Labour and Foreign Employment,:RW,"Minister of Justice, Public Administration, Home Affairs, Provincial Councils, Local Government and Labour",:AK,Shrama Vasana Fund,department,2024-09-27
2403-53_tr_163,Minister of Labour and Foreign Employment,:RW,"Minister of Justice, Public Administration, Home Affairs, Provincial Councils, Local Government and Labour",:AK,Department of Manpower and Employment,department,2024-09-27
2403-53_tr_164,Minister of Labour and Foreign Employment,:RW,"Minister of Justice, Public Administration, Home Affairs, Provincial Councils, Local Government and Labour",:AK,Sri Lanka Foreign Employment Bureau,department,2024-09-27
2403-53_tr_165,Minister of Labour and Foreign Employment,:RW,"Minister of Justice, Public Administration, Home Affairs, Provincial Councils, Local Government and Labour",:AK,Foreign Employment Agency of Sri Lanka (Pvt.) Ltd.,department,2024-09-27
2403-53_tr_166,Minister of Education,:RW,"Minister of Education, Science and Technology",:AK,Department of Examinations,department,2024-09-27
2403-53_tr_167,Minister of Education,:RW,"Minister of Education, Science and Technology",:AK,Department of Educational Publications,department,2024-09-27
2403-53_tr_168,Minister of Education,:RW,"Minister of Education, Science and Technology",:AK,National Library and Documentation Services Board,department,2024-09-27
2403-53_tr_169,Minister of Education,:RW,"Minister of Education, Science and Technology",:AK,National Colleges of Education,department,2024-09-27
2403-53_tr_170,Minister of Education,:RW,"Minister of Education, Science and Technology",:AK,Teachers’ College,department,2024-09-27
2403-53_tr_171,Minister of Education,:RW,"Minister of Education, Science and Technology",:AK,UNESCO National Commission of Sri Lanka,department,2024-09-27
2403-53_tr_172,Minister of Education,:RW,"Minister of Education, Science and Technology",:AK,State Printing Corporation,department,2024-09-27
2403-53_tr_173,Minister of Education,:RW,"Minister of Education, Science and Technology",:AK,Directorates of Education,department,2024-09-27
2403-53_tr_174,Minister of Education,:RW,"Minister of Education, Science and Technology",:AK,National Education Commission,department,2024-09-27
2403-53_tr_175,Minister of Education,:RW,"Minister of Education, Science and Technology",:AK,National Institute of Education,department,2024-09-27
2403-53_tr_176,Minister of Education,:RW,"Minister of Education, Science and Technology",:AK,Piriven Education Board,department,2024-09-27
2403-53_tr_177,Minister of Education,:RW,"Minister of Education, Science and Technology",:AK,National Institute of Business Management and affiliated institutions,department,2024-09-27
2403-53_tr_178,Minister of Education,:RW,"Minister of Education, Science and Technology",:AK,University of Vocational Technology,department,2024-09-27
2403-53_tr_179,Minister of Education,:RW,"Minister of Education, Science and Technology",:AK,National Institute of Fisheries and Nautical Engineering (Ocean University),department,2024-09-27
2403-53_tr_180,Minister of Education,:RW,"Minister of Education, Science and Technology",:AK,Vocational Training Authority of Sri Lanka,department,2024-09-27
2403-53_tr_181,Minister of Education,:RW,"Minister of Education, Science and Technology",:AK,National Apprenticeship and Industrial Training Authority,department,2024-09-27
2403-53_tr_182,Minister of Education,:RW,"Minister of Education, Science and Technology",:AK,Ceylon German Technical Training Institute,department,2024-09-27
2403-53_tr_183,Minister of Education,:RW,"Minister of Education, Science and Technology",:AK,Department of Technical Education and Training,department,2024-09-27
2403-53_tr_184,Minister of Education,:RW,"Minister of Education, Science and Technology",:AK,Tertiary and Vocational Education Commission,department,2024-09-27
2403-53_tr_185,State Minister of Higher Education,:RW,"Minister of Education, Science and Technology",:AK,University Grants Commission,department,2024-09-27
2403-53_tr_186,State Minister of Higher Education,:RW,"Minister of Education, Science and Technology",:AK,"All State Universities, Postgraduate Institutions and other Institutions under the purview of University Grants Commission",department,2024-09-27
2403-53_tr_187,State Minister of Higher Education,:RW,"Minister of Education, Science and Technology",:AK,Buddhasravaka Bhikku University,department,2024-09-27
2403-53_tr_188,State Minister of Higher Education,:RW,"Minister of Education, Science and Technology",:AK,Buddhist and Pali University of Sri Lanka,department,2024-09-27
2403-53_tr_189,State Minister of Higher Education,:RW,"Minister of Education, Science and Technology",:AK,Sri Lanka Institute of Advanced Technological Education,department,2024-09-27
2403-53_tr_190,Minister of Education,:RW,"Minister of Education, Science and Technology",:AK,National Institute of Fundamental Studies,department,2024-09-27
2403-53_tr_191,Minister of Education,:RW,"Minister of Education, Science and Technology",:AK,Sri Lanka Inventors’ Commission,department,2024-09-27
2403-53_tr_192,Minister of Education,:RW,"Minister of Education, Science and Technology",:AK,National Engineering Research And Development Centre,department,2024-09-27
2403-53_tr_193,Minister of Education,:RW,"Minister of Education, Science and Technology",:AK,National Science Foundation,department,2024-09-27
2403-53_tr_194,Minister of Education,:RW,"Minister of Education, Science and Technology",:AK,Planetarium of Sri Lanka,department,2024-09-27
2403-53_tr_195,Minister of Education,:RW,"Minister of Education, Science and Technology",:AK,Arthur C. Clarke Institute for Modern Technologies,department,2024-09-27
2403-53_tr_196,Minister of Education,:RW,"Minister of Education, Science and Technology",:AK,National Innovation Agency,department,2024-09-27
2403-53_tr_197,Minister of Education,:RW,"Minister of Education, Science and Technology",:AK,Skills Development Fund Ltd.,department,2024-09-27
2403-53_tr_198,Minister of Education,:RW,"Minister of Education, Science and Technology",:AK,Sri Lanka Inventors Fund,department,2024-09-27
2403-53_tr_199,Minister of Education,:RW,"Minister of Education, Science and Technology",:AK,National Science and Technology Commission,department,2024-09-27
2403-53_tr_200,Minister of Education,:RW,"Minister of Education, Science and Technology",:AK,Sri Lanka Institute of Nanotechnology (Pvt.) Ltd.,department,2024-09-27
2403-53_tr_201,Minister of Education,:RW,"Minister of Education, Science and Technology",:AK,Sri Lanka Institute of Biotechnology (Pvt.) Ltd.,department,2024-09-27
2403-53_tr_202,"Minister of Finance, Economic Stabilization and National Policies",:RW,"Minister of Education, Science and Technology",:AK,Sri Lanka Telecom and its Subsidiaries and Allied Institutions,department,2024-09-27
2403-53_tr_203,Minister of Technology,:RW,"Minister of Education, Science and Technology",:AK,Information and Communication Technology Agency and Allied Institutions,department,2024-09-27
2403-53_tr_204,Minister of Technology,:RW,"Minister of Education, Science and Technology",:AK,Sri Lanka Computer Emergency Readiness Team,department,2024-09-27
2403-53_tr_205,Minister of Technology,:RW,"Minister of Education, Science and Technology",:AK,Sri Lanka Standards Institute,department,2024-09-27
2403-53_tr_206,Minister of Technology,:RW,"Minister of Education, Science and Technology",:AK,Centre of Excellence for Robotic Applications,department,2024-09-27
2403-53_tr_207,Minister of Investment Promotion,:RW,"Minister of Education, Science and Technology",:AK,Information Technology Parks,department,2024-09-27
2403-53_tr_208,"Minister of Women, Child Affairs and Social Empowerment",:RW,"Minister of Women, Child and Youth Affairs and Sports",:AK,National Committee on Women,department,2024-09-27
2403-53_tr_209,"Minister of Women, Child Affairs and Social Empowerment",:RW,"Minister of Women, Child and Youth Affairs and Sports",:AK,Sri Lanka Women’s Bureau,department,2024-09-27
2403-53_tr_210,"Minister of Women, Child Affairs and Social Empowerment",:RW,"Minister of Women, Child and Youth Affairs and Sports",:AK,Department of Probation and Childcare Services,department,2024-09-27
2403-53_tr_211,"Minister of Women, Child Affairs and Social Empowerment",:RW,"Minister of Women, Child and Youth Affairs and Sports",:AK,National Child Protection Authority,department,2024-09-27
2403-53_tr_212,"Minister of Women, Child Affairs and Social Empowerment",:RW,"Minister of Women, Child and Youth Affairs and Sports",:AK,National Secretariat for Early Childhood Development,department,2024-09-27
2403-53_tr_213,Minister of Sports and Youth Affairs,:RW,"Minister of Women, Child and Youth Affairs and Sports",:AK,National Youth Services Council,department,2024-09-27
2403-53_tr_214,Minister of Sports and Youth Affairs,:RW,"Minister of Women, Child and Youth Affairs and Sports",:AK,National Youth Corps,department,2024-09-27
2403-53_tr_215,Minister of Sports and Youth Affairs,:RW,"Minister of Women, Child and Youth Affairs and Sports",:AK,National Youths Services Cooperative Society Limited,department,2024-09-27
2403-53_tr_216,Minister of Sports and Youth Affairs,:RW,"Minister of Women, Child and Youth Affairs and Sports",:AK,National Centre for Leadership Development,department,2024-09-27
2403-53_tr_217,Minister of Sports and Youth Affairs,:RW,"Minister of Women, Child and Youth Affairs and Sports",:AK,Department of Sports Development,department,2024-09-27
2403-53_tr_218,Minister of Sports and Youth Affairs,:RW,"Minister of Women, Child and Youth Affairs and Sports",:AK,National Sports Council,department,2024-09-27
2403-53_tr_219,State Minister of Sports and Youth Affairs,:RW,"Minister of Women, Child and Youth Affairs and Sports",:AK,National Institute of Sports Science,department,2024-09-27
2403-53_tr_220,Minister of Sports and Youth Affairs,:RW,"Minister of Women, Child and Youth Affairs and Sports",:AK,Sugathadasa National Sports Complex Authority,department,2024-09-27
2403-53_tr_221,State Minister of Sports and Youth Affairs,:RW,"Minister of Women, Child and Youth Affairs and Sports",:AK,Institute of Sports Medicine,department,2024-09-27
2403-53_tr_222,State Minister of Sports and Youth Affairs,:RW,"Minister of Women, Child and Youth Affairs and Sports",:AK,Sri Lanka Anti-doping Agency,department,2024-09-27
2403-53_tr_223,"Minister of Trade, Commerce and Food Security",:RW,"Minister of Trade, Commerce, Food Security, Co-operative Development, Industry and Entrepreneurship Development",:AK,Department of Commerce,department,2024-09-27
2403-53_tr_224,"Minister of Trade, Commerce and Food Security",:RW,"Minister of Trade, Commerce, Food Security, Co-operative Development, Industry and Entrepreneurship Development",:AK,Lanka Sathosa Ltd.,department,2024-09-27
2403-53_tr_225,"Minister of Trade, Commerce and Food Security",:RW,"Minister of Trade, Commerce, Food Security, Co-operative Development, Industry and Entrepreneurship Development",:AK,Cooperative Wholesale Establishment,department,2024-09-27
2403-53_tr_226,"Minister of Trade, Commerce and Food Security",:RW,"Minister of Trade, Commerce, Food Security, Co-operative Development, Industry and Entrepreneurship Development",:AK,Mahapola Trust Fund,department,2024-09-27
2403-53_tr_227,"Minister of Trade, Commerce and Food Security",:RW,"Minister of Trade, Commerce, Food Security, Co-operative Development, Industry and Entrepreneurship Development",:AK,Sri Lanka Accreditation Board for Conformity Assessment,department,2024-09-27
2403-53_tr_228,"Minister of Trade, Commerce and Food Security",:RW,"Minister of Trade, Commerce, Food Security, Co-operative Development, Industry and Entrepreneurship Development",:AK,"Department of Measurement Units, Standards and Services",department,2024-09-27
2403-53_tr_229,Minister of Agriculture and Plantation Industries,:RW,"Minister of Trade, Commerce, Food Security, Co-operative Development, Industry and Entrepreneurship Development",:AK,Regional Economic Centres,department,2024-09-27
2403-53_tr_230,"Minister of Trade, Commerce and Food Security",:RW,"Minister of Trade, Commerce, Food Security, Co-operative Development, Industry and Entrepreneurship Development",:AK,National Intellectual Property Office of Sri Lanka,department,2024-09-27
2403-53_tr_231,"Minister of Trade, Commerce and Food Security",:RW,"Minister of Trade, Commerce, Food Security, Co-operative Development, Industry and Entrepreneurship Development",:AK,Consumer Affairs Authority,department,2024-09-27
2403-53_tr_232,"Minister of Trade, Commerce and Food Security",:RW,"Minister of Trade, Commerce, Food Security, Co-operative Development, Industry and Entrepreneurship Development",:AK,Department of Cooperative Development (Registrar of Cooperative Societies),department,2024-09-27
2403-53_tr_233,"Minister of Trade, Commerce and Food Security",:RW,"Minister of Trade, Commerce, Food Security, Co-operative Development, Industry and Entrepreneurship Development",:AK,Cooperative Employees Commission,department,2024-09-27
2403-53_tr_234,"Minister of Trade, Commerce and Food Security",:RW,"Minister of Trade, Commerce, Food Security, Co-operative Development, Industry and Entrepreneurship Development",:AK,National Institute of Cooperative Development,department,2024-09-27
2403-53_tr_235,Minister of Industries,:RW,"Minister of Trade, Commerce, Food Security, Co-operative Development, Industry and Entrepreneurship Development",:AK,Ceylon Industrial Development Board,department,2024-09-27
2403-53_tr_236,Minister of Industries,:RW,"Minister of Trade, Commerce, Food Security, Co-operative Development, Industry and Entrepreneurship Development",:AK,Lanka Leyland Ltd.,department,2024-09-27
2403-53_tr_237,Minister of Industries,:RW,"Minister of Trade, Commerce, Food Security, Co-operative Development, Industry and Entrepreneurship Development",:AK,National Paper Corporation Ltd.,department,2024-09-27
2403-53_tr_238,Minister of Industries,:RW,"Minister of Trade, Commerce, Food Security, Co-operative Development, Industry and Entrepreneurship Development",:AK,Lanka Cement Ltd,department,2024-09-27
2403-53_tr_239,Minister of Industries,:RW,"Minister of Trade, Commerce, Food Security, Co-operative Development, Industry and Entrepreneurship Development",:AK,Kahatagaha Graphite Lanka Ltd,department,2024-09-27
2403-53_tr_240,Minister of Industries,:RW,"Minister of Trade, Commerce, Food Security, Co-operative Development, Industry and Entrepreneurship Development",:AK,Ceylon Ceramics Corporation (Brick and Tiles Division),department,2024-09-27
2403-53_tr_241,Minister of Industries,:RW,"Minister of Trade, Commerce, Food Security, Co-operative Development, Industry and Entrepreneurship Development",:AK,National Enterprise Development Authority,department,2024-09-27
2403-53_tr_242,Minister of Industries,:RW,"Minister of Trade, Commerce, Food Security, Co-operative Development, Industry and Entrepreneurship Development",:AK,Lanka Mineral Sands Company,department,2024-09-27
2403-53_tr_243,Minister of Industries,:RW,"Minister of Trade, Commerce, Food Security, Co-operative Development, Industry and Entrepreneurship Development",:AK,Timber-related Design Centre,department,2024-09-27
2403-53_tr_244,Minister of Industries,:RW,"Minister of Trade, Commerce, Food Security, Co-operative Development, Industry and Entrepreneurship Development",:AK,National Crafts Council,department,2024-09-27
2403-53_tr_245,Minister of Industries,:RW,"Minister of Trade, Commerce, Food Security, Co-operative Development, Industry and Entrepreneurship Development",:AK,Department of Textile Industries,department,2024-09-27
2403-53_tr_246,Minister of Industries,:RW,"Minister of Trade, Commerce, Food Security, Co-operative Development, Industry and Entrepreneurship Development",:AK,Sri Lanka Institute of Textile and Apparels,department,2024-09-27
2403-53_tr_247,Minister of Industries,:RW,"Minister of Trade, Commerce, Food Security, Co-operative Development, Industry and Entrepreneurship Development",:AK,Lanka Textile Mills Emporium Ltd.,department,2024-09-27
2403-53_tr_248,Minister of Industries,:RW,"Minister of Trade, Commerce, Food Security, Co-operative Development, Industry and Entrepreneurship Development",:AK,Lanka Salusala Ltd,department,2024-09-27
2403-53_tr_249,Minister of Industries,:RW,"Minister of Trade, Commerce, Food Security, Co-operative Development, Industry and Entrepreneurship Development",:AK,Sri Lanka Handicraft Board (Laksala),department,2024-09-27
2403-53_tr_250,Minister of Industries,:RW,"Minister of Trade, Commerce, Food Security, Co-operative Development, Industry and Entrepreneurship Development",:AK,National Design Centre,department,2024-09-27
2403-53_tr_251,Minister of Industries,:RW,"Minister of Trade, Commerce, Food Security, Co-operative Development, Industry and Entrepreneurship Development",:AK,National Gem and Jewellery Authority,department,2024-09-27
2403-53_tr_252,Minister of Industries,:RW,"Minister of Trade, Commerce, Food Security, Co-operative Development, Industry and Entrepreneurship Development",:AK,Gem and Jewellery Research and Training Institute,department,2024-09-27
2403-53_tr_253,Minister of Industries,:RW,"Minister of Trade, Commerce, Food Security, Co-operative Development, Industry and Entrepreneurship Development",:AK,Industrial Technology Institute,department,2024-09-27
2403-53_tr_254,Minister of Industries,:RW,"Minister of Trade, Commerce, Food Security, Co-operative Development, Industry and Entrepreneurship Development",:AK,Lanka Phosphate Limited,department,2024-09-27
2403-53_tr_255,Minister of Industries,:RW,"Minister of Trade, Commerce, Food Security, Co-operative Development, Industry and Entrepreneurship Development",:AK,Vidatha Centres,department,2024-09-27
2403-53_tr_256,"Minister of Finance, Economic Stabilization and National Policies",:RW,"Minister of Trade, Commerce, Food Security, Co-operative Development, Industry and Entrepreneurship Development",:AK,National Salt Limited,department,2024-09-27
2403-53_tr_257,"Minister of Finance, Economic Stabilization and National Policies",:RW,"Minister of Trade, Commerce, Food Security, Co-operative Development, Industry and Entrepreneurship Development",:AK,Sri Lanka Cement Corporation,department,2024-09-27
2403-53_tr_258,"Minister of Finance, Economic Stabilization and National Policies",:RW,"Minister of Trade, Commerce, Food Security, Co-operative Development, Industry and Entrepreneurship Development",:AK,Paranthan Chemicals Ltd,department,2024-09-27
2403-53_tr_259,"Minister of Finance, Economic Stabilization and National Policies",:RW,"Minister of Trade, Commerce, Food Security, Co-operative Development, Industry and Entrepreneurship Development",:AK,Lanka General Trading Company Ltd.,department,2024-09-27
2403-53_tr_260,"Minister of Finance, Economic Stabilization and National Policies",:RW,"Minister of Trade, Commerce, Food Security, Co-operative Development, Industry and Entrepreneurship Development",:AK,Colombo Lotus Tower Management Company (Pvt.) Limited,department,2024-09-27
2403-53_tr_261,Minister of Health,:RW,Minister of Health,:AK,National Health Council,department,2024-09-27
2403-53_tr_262,Minister of Health,:RW,Minister of Health,:AK,Medical Research Institute,department,2024-09-27
2403-53_tr_263,Minister of Health,:RW,Minister of Health,:AK,National Institute of Health Sciences,department,2024-09-27
2403-53_tr_264,Minister of Health,:RW,Minister of Health,:AK,Sri Lanka Medical Council,department,2024-09-27
2403-53_tr_265,Minister of Health,:RW,Minister of Health,:AK,Sri Lanka Medical College Council,department,2024-09-27
2403-53_tr_266,Minister of Health,:RW,Minister of Health,:AK,Private Health Services Regulatory Council,department,2024-09-27
2403-53_tr_267,Minister of Health,:RW,Minister of Health,:AK,Department of Health Services,department,2024-09-27
2403-53_tr_268,Minister of Health,:RW,Minister of Health,:AK,"All National, Teaching and Specific Government Hospitals",department,2024-09-27
2403-53_tr_269,Minister of Health,:RW,Minister of Health,:AK,School of Medical Laboratory Technology,department,2024-09-27
2403-53_tr_270,Minister of Health,:RW,Minister of Health,:AK,"National Institute of Nephrology, Dialysis and Transplantation",department,2024-09-27
2403-53_tr_271,Minister of Health,:RW,Minister of Health,:AK,Sri Jayewardenepura General Hospital,department,2024-09-27
2403-53_tr_272,Minister of Health,:RW,Minister of Health,:AK,Vijaya Kumaratunga Memorial Hospital,department,2024-09-27
2403-53_tr_273,Minister of Health,:RW,Minister of Health,:AK,Ashraff Memorial Hospital,department,2024-09-27
2403-53_tr_274,Minister of Health,:RW,Minister of Health,:AK,National Authority on Tobacco and Alcohol,department,2024-09-27
2403-53_tr_275,Minister of Health,:RW,Minister of Health,:AK,1990 Suwaseriya Foundation,department,2024-09-27
2403-53_tr_276,Minister of Health,:RW,Minister of Health,:AK,National Health Development Fund,department,2024-09-27
2403-53_tr_277,Minister of Health,:RW,Minister of Health,:AK,State Pharmaceutical Corporation,department,2024-09-27
2403-53_tr_278,Minister of Health,:RW,Minister of Health,:AK,State Pharmaceutical Manufacturing Corporation,department,2024-09-27
2403-53_tr_279,Minister of Health,:RW,Minister of Health,:AK,National Medicines Regulatory Authority,department,2024-09-27
2403-53_tr_280,Minister of Health,:RW,Minister of Health,:AK,Department of Ayurveda,department,2024-09-27
2403-53_tr_281,Minister of Health,:RW,Minister of Health,:AK,Sri Lanka Ayurvedic Drugs Corporation,department,2024-09-27
2403-53_tr_282,Minister of Health,:RW,Minister of Health,:AK,Ayurvedic Medical Council,department,2024-09-27
2403-53_tr_283,Minister of Health,:RW,Minister of Health,:AK,Ayurvedic College and Hospital Board,department,2024-09-27
2403-53_tr_284,Minister of Health,:RW,Minister of Health,:AK,Ayurveda Teaching and Research Hospitals,department,2024-09-27
2403-53_tr_285,Minister of Health,:RW,Minister of Health,:AK,"Homeopathy Hospital, Welisara",department,2024-09-27
2403-53_tr_286,Minister of Health,:RW,Minister of Health,:AK,Homeopathy Medical Council,department,2024-09-27
2403-53_tr_287,"Minister of Buddhasasana, Religious and Cultural Affairs",:RW,"Minister of Buddhasasana, Religious and Cultural Affairs, National Integration, Social Security, and Mass Media",:AK,Department of Buddhist Affairs,department,2024-09-27
2403-53_tr_288,"Minister of Buddhasasana, Religious and Cultural Affairs",:RW,"Minister of Buddhasasana, Religious and Cultural Affairs, National Integration, Social Security, and Mass Media",:AK,Department of Hindu Religious and Cultural Affairs,department,2024-09-27
2403-53_tr_289,"Minister of Buddhasasana, Religious and Cultural Affairs",:RW,"Minister of Buddhasasana, Religious and Cultural Affairs, National Integration, Social Security, and Mass Media",:AK,Department of Christian Religious Affairs,department,2024-09-27
2403-53_tr_290,"Minister of Buddhasasana, Religious and Cultural Affairs",:RW,"Minister of Buddhasasana, Religious and Cultural Affairs, National Integration, Social Security, and Mass Media",:AK,Department of Muslim Religious and Cultural Affairs,department,2024-09-27
2403-53_tr_291,"Minister of Buddhasasana, Religious and Cultural Affairs",:RW,"Minister of Buddhasasana, Religious and Cultural Affairs, National Integration, Social Security, and Mass Media",:AK,Department of National Museums,department,2024-09-27
2403-53_tr_292,"Minister of Buddhasasana, Religious and Cultural Affairs",:RW,"Minister of Buddhasasana, Religious and Cultural Affairs, National Integration, Social Security, and Mass Media",:AK,Department of National Archives,department,2024-09-27
2403-53_tr_293,"Minister of Buddhasasana, Religious and Cultural Affairs",:RW,"Minister of Buddhasasana, Religious and Cultural Affairs, National Integration, Social Security, and Mass Media",:AK,Department of Public Trustee,department,2024-09-27
2403-53_tr_294,"Minister of Buddhasasana, Religious and Cultural Affairs",:RW,"Minister of Buddhasasana, Religious and Cultural Affairs, National Integration, Social Security, and Mass Media",:AK,Central Cultural Fund,department,2024-09-27
2403-53_tr_295,"Minister of Buddhasasana, Religious and Cultural Affairs",:RW,"Minister of Buddhasasana, Religious and Cultural Affairs, National Integration, Social Security, and Mass Media",:AK,Buddha Sasana Fund,department,2024-09-27
2403-53_tr_296,"Minister of Buddhasasana, Religious and Cultural Affairs",:RW,"Minister of Buddhasasana, Religious and Cultural Affairs, National Integration, Social Security, and Mass Media",:AK,Buddhist Renaissance Fund,department,2024-09-27
2403-53_tr_297,"Minister of Buddhasasana, Religious and Cultural Affairs",:RW,"Minister of Buddhasasana, Religious and Cultural Affairs, National Integration, Social Security, and Mass Media",:AK,Department of Cultural Affairs,department,2024-09-27
2403-53_tr_298,"Minister of Buddhasasana, Religious and Cultural Affairs",:RW,"Minister of Buddhasasana, Religious and Cultural Affairs, National Integration, Social Security, and Mass Media",:AK,Department of Archaeology,department,2024-09-27
2403-53_tr_299,"Minister of Buddhasasana, Religious and Cultural Affairs",:RW,"Minister of Buddhasasana, Religious and Cultural Affairs, National Integration, Social Security, and Mass Media",:AK,Tower Hall Theatre Foundation,department,2024-09-27
2403-53_tr_300,"Minister of Buddhasasana, Religious and Cultural Affairs",:RW,"Minister of Buddhasasana, Religious and Cultural Affairs, National Integration, Social Security, and Mass Media",:AK,National Arts Council,department,2024-09-27
2403-53_tr_301,"Minister of Buddhasasana, Religious and Cultural Affairs",:RW,"Minister of Buddhasasana, Religious and Cultural Affairs, National Integration, Social Security, and Mass Media",:AK,Gramodaya Folk Arts Centre,department,2024-09-27
2403-53_tr_302,"Minister of Buddhasasana, Religious and Cultural Affairs",:RW,"Minister of Buddhasasana, Religious and Cultural Affairs, National Integration, Social Security, and Mass Media",:AK,Galle Heritage Foundation,department,2024-09-27
2403-53_tr_303,"Minister of Buddhasasana, Religious and Cultural Affairs",:RW,"Minister of Buddhasasana, Religious and Cultural Affairs, National Integration, Social Security, and Mass Media",:AK,National Performing Arts Theatre (Nelum Pokuna),department,2024-09-27
2403-53_tr_304,"Minister of Finance, Economic Stabilization and National Policies",:RW,"Minister of Buddhasasana, Religious and Cultural Affairs, National Integration, Social Security, and Mass Media",:AK,Mahinda Rajapaksa National Tele Cinema Park,department,2024-09-27
2403-53_tr_305,"Minister of Buddhasasana, Religious and Cultural Affairs",:RW,"Minister of Buddhasasana, Religious and Cultural Affairs, National Integration, Social Security, and Mass Media",:AK,“Ape Gama”,department,2024-09-27
2403-53_tr_306,"Minister of Buddhasasana, Religious and Cultural Affairs",:RW,"Minister of Buddhasasana, Religious and Cultural Affairs, National Integration, Social Security, and Mass Media",:AK,Amaradeva Aesthetic and Research Centre,department,2024-09-27
2403-53_tr_307,"Minister of Public Administration, Home Affairs, Provincial Councils and Local Government",:RW,"Minister of Buddhasasana, Religious and Cultural Affairs, National Integration, Social Security, and Mass Media",:AK,Department of Official Languages,department,2024-09-27
2403-53_tr_308,"Minister of Public Administration, Home Affairs, Provincial Councils and Local Government",:RW,"Minister of Buddhasasana, Religious and Cultural Affairs, National Integration, Social Security, and Mass Media",:AK,Official Languages Commission,department,2024-09-27
2403-53_tr_309,"Minister of Public Administration, Home Affairs, Provincial Councils and Local Government",:RW,"Minister of Buddhasasana, Religious and Cultural Affairs, National Integration, Social Security, and Mass Media",:AK,National Institute of Language Education and Training,department,2024-09-27
2403-53_tr_310,"Minister of Justice, Prisons Affairs and Constitutional Reforms",:RW,"Minister of Buddhasasana, Religious and Cultural Affairs, National Integration, Social Security, and Mass Media",:AK,Office for National Unity and Reconciliation,department,2024-09-27
2403-53_tr_311,"Minister of Justice, Prisons Affairs and Constitutional Reforms",:RW,"Minister of Buddhasasana, Religious and Cultural Affairs, National Integration, Social Security, and Mass Media",:AK,Office for Reparations,department,2024-09-27
2403-53_tr_312,"Minister of Women, Child Affairs and Social Empowerment",:RW,"Minister of Buddhasasana, Religious and Cultural Affairs, National Integration, Social Security, and Mass Media",:AK,Department of Samurdhi Development,department,2024-09-27
2403-53_tr_313,"Minister of Women, Child Affairs and Social Empowerment",:RW,"Minister of Buddhasasana, Religious and Cultural Affairs, National Integration, Social Security, and Mass Media",:AK,Saubhagya Development Bureau,department,2024-09-27
2403-53_tr_314,"Minister of Women, Child Affairs and Social Empowerment",:RW,"Minister of Buddhasasana, Religious and Cultural Affairs, National Integration, Social Security, and Mass Media",:AK,National Institute of Social Development,department,2024-09-27
2403-53_tr_315,"Minister of Women, Child Affairs and Social Empowerment",:RW,"Minister of Buddhasasana, Religious and Cultural Affairs, National Integration, Social Security, and Mass Media",:AK,Rural Development Training and Research Institute,department,2024-09-27
2403-53_tr_316,"Minister of Women, Child Affairs and Social Empowerment",:RW,"Minister of Buddhasasana, Religious and Cultural Affairs, National Integration, Social Security, and Mass Media",:AK,Social Security Board,department,2024-09-27
2403-53_tr_317,"Minister of Women, Child Affairs and Social Empowerment",:RW,"Minister of Buddhasasana, Religious and Cultural Affairs, National Integration, Social Security, and Mass Media",:AK,National Council for Persons with Disabilities,department,2024-09-27
2403-53_tr_318,"Minister of Women, Child Affairs and Social Empowerment",:RW,"Minister of Buddhasasana, Religious and Cultural Affairs, National Integration, Social Security, and Mass Media",:AK,National Secretariat for Persons with Disabilities,department,2024-09-27
2403-53_tr_319,"Minister of Women, Child Affairs and Social Empowerment",:RW,"Minister of Buddhasasana, Religious and Cultural Affairs, National Integration, Social Security, and Mass Media",:AK,Department of Social Services,department,2024-09-27
2403-53_tr_320,"Minister of Women, Child Affairs and Social Empowerment",:RW,"Minister of Buddhasasana, Religious and Cultural Affairs, National Integration, Social Security, and Mass Media",:AK,National Council for Elders and National Secretariat for Elders,department,2024-09-27
2403-53_tr_321,Minister of Health,:RW,"Minister of Buddhasasana, Religious and Cultural Affairs, National Integration, Social Security, and Mass Media",:AK,Kidney Fund,department,2024-09-27
2403-53_tr_322,Minister of Mass Media,:RW,"Minister of Buddhasasana, Religious and Cultural Affairs, National Integration, Social Security, and Mass Media",:AK,Right to Information Commission,department,2024-09-27
2403-53_tr_323,Minister of Mass Media,:RW,"Minister of Buddhasasana, Religious and Cultural Affairs, National Integration, Social Security, and Mass Media",:AK,Department of Government Printing,department,2024-09-27
2403-53_tr_324,Minister of Mass Media,:RW,"Minister of Buddhasasana, Religious and Cultural Affairs, National Integration, Social Security, and Mass Media",:AK,Department of Government Information,department,2024-09-27
2403-53_tr_325,Minister of Mass Media,:RW,"Minister of Buddhasasana, Religious and Cultural Affairs, National Integration, Social Security, and Mass Media",:AK,Sri Lanka Press Council,department,2024-09-27
2403-53_tr_326,Minister of Mass Media,:RW,"Minister of Buddhasasana, Religious and Cultural Affairs, National Integration, Social Security, and Mass Media",:AK,Sri Lanka Broadcasting Corporation,department,2024-09-27
2403-53_tr_327,Minister of Mass Media,:RW,"Minister of Buddhasasana, Religious and Cultural Affairs, National Integration, Social Security, and Mass Media",:AK,Independent Television Network,department,2024-09-27
2403-53_tr_328,Minister of Mass Media,:RW,"Minister of Buddhasasana, Religious and Cultural Affairs, National Integration, Social Security, and Mass Media",:AK,Sri Lanka Rupavahini Corporation,department,2024-09-27
2403-53_tr_329,Minister of Mass Media,:RW,"Minister of Buddhasasana, Religious and Cultural Affairs, National Integration, Social Security, and Mass Media",:AK,Associated Newspapers of Ceylon Ltd.,department,2024-09-27
2403-53_tr_330,Minister of Mass Media,:RW,"Minister of Buddhasasana, Religious and Cultural Affairs, National Integration, Social Security, and Mass Media",:AK,Lanka Puwath Ltd,department,2024-09-27
2403-53_tr_331,Minister of Mass Media,:RW,"Minister of Buddhasasana, Religious and Cultural Affairs, National Integration, Social Security, and Mass Media",:AK,Sri Lanka Foundation,department,2024-09-27
2403-53_tr_332,Minister of Mass Media,:RW,"Minister of Buddhasasana, Religious and Cultural Affairs, National Integration, Social Security, and Mass Media",:AK,Postal Department,department,2024-09-27
2403-53_tr_333,Minister of Mass Media,:RW,"Minister of Buddhasasana, Religious and Cultural Affairs, National Integration, Social Security, and Mass Media",:AK,Sri Lanka Institute of Printing,department,2024-09-27
2403-53_tr_334,Minister of Mass Media,:RW,"Minister of Buddhasasana, Religious and Cultural Affairs, National Integration, Social Security, and Mass Media",:AK,Public Performance Board,department,2024-09-27
2403-53_tr_335,Minister of Mass Media,:RW,"Minister of Buddhasasana, Religious and Cultural Affairs, National Integration, Social Security, and Mass Media",:AK,National Film Corporation,department,2024-09-27
2403-53_tr_336,Minister of Transport and Highways,:RW,"Minister of Transport, Highways, Ports and Civil Aviation",:AK,Road Development Authority and its subsidiaries and affiliates,department,2024-09-27
2403-53_tr_337,Minister of Transport and Highways,:RW,"Minister of Transport, Highways, Ports and Civil Aviation",:AK,Maga Neguma,department,2024-09-27
2403-53_tr_338,Minister of Transport and Highways,:RW,"Minister of Transport, Highways, Ports and Civil Aviation",:AK,State Development and Construction Corporation,department,2024-09-27
2403-53_tr_339,Minister of Transport and Highways,:RW,"Minister of Transport, Highways, Ports and Civil Aviation",:AK,National Transport Commission,department,2024-09-27
2403-53_tr_340,Minister of Transport and Highways,:RW,"Minister of Transport, Highways, Ports and Civil Aviation",:AK,National Council for Road Safety,department,2024-09-27
2403-53_tr_341,Minister of Transport and Highways,:RW,"Minister of Transport, Highways, Ports and Civil Aviation",:AK,Department of Sri Lanka Railways,department,2024-09-27
2403-53_tr_342,Minister of Transport and Highways,:RW,"Minister of Transport, Highways, Ports and Civil Aviation",:AK,Sri Lanka Transport Board,department,2024-09-27
2403-53_tr_343,Minister of Transport and Highways,:RW,"Minister of Transport, Highways, Ports and Civil Aviation",:AK,National Transport Medical Institute,department,2024-09-27
2403-53_tr_344,Minister of Transport and Highways,:RW,"Minister of Transport, Highways, Ports and Civil Aviation",:AK,Department of Motor Traffic,department,2024-09-27
2403-53_tr_345,"Minister of Finance, Economic Stabilization and National Policies",:RW,"Minister of Transport, Highways, Ports and Civil Aviation",:AK,Sahasya Investment Ltd.,department,2024-09-27
2403-53_tr_346,Minister of Public Security,:RW,Minister of Public Security,:AK,Sri Lanka Police,department,2024-09-27
2403-53_tr_347,Minister of Public Security,:RW,Minister of Public Security,:AK,National Police Academy,department,2024-09-27
2403-53_tr_348,Minister of Public Security,:RW,Minister of Public Security,:AK,Secretariat for Non-Governmental Organizations,department,2024-09-27
2403-53_tr_349,Minister of Public Security,:RW,Minister of Public Security,:AK,Department of Registration of Persons,department,2024-09-27
2403-53_tr_350,Minister of Public Security,:RW,Minister of Public Security,:AK,Department of Immigration and Emigration,department,2024-09-27
2403-53_tr_351,Minister of Public Security,:RW,Minister of Public Security,:AK,National Dangerous Drugs Control Board,department,2024-09-27
2403-53_tr_352,Minister of Foreign Affairs,:RW,Minister of Foreign Affairs,:AK,Diplomatic Missions in abroad,department,2024-09-27
2403-53_tr_353,Minister of Foreign Affairs,:RW,Minister of Foreign Affairs,:AK,National Oceanic Affairs Committee Secretariat,department,2024-09-27
2403-53_tr_354,Minister of Foreign Affairs,:RW,Minister of Foreign Affairs,:AK,Lakshman Kadirgamar Institute for International Relations and Strategic Studies,department,2024-09-27
2403-53_tr_355,Minister of Environment,:RW,"Minister of Environment, Wildlife, Forest Resources, Water Supply, Plantation and Community Infrastructure",:AK,Central Environmental Authority,department,2024-09-27
2403-53_tr_356,Minister of Environment,:RW,"Minister of Environment, Wildlife, Forest Resources, Water Supply, Plantation and Community Infrastructure",:AK,Geological Survey and Mines Bureau,department,2024-09-27
2403-53_tr_357,Minister of Environment,:RW,"Minister of Environment, Wildlife, Forest Resources, Water Supply, Plantation and Community Infrastructure",:AK,GSMB Technical Services (Pvt) Ltd.,department,2024-09-27
2403-53_tr_358,Minister of Environment,:RW,"Minister of Environment, Wildlife, Forest Resources, Water Supply, Plantation and Community Infrastructure",:AK,Sri Lanka Climate Fund (Pvt) Ltd.,department,2024-09-27
2403-53_tr_359,Minister of Urban Development and Housing,:RW,"Minister of Environment, Wildlife, Forest Resources, Water Supply, Plantation and Community Infrastructure",:AK,Marine Environment Protection Authority,department,2024-09-27
2403-53_tr_360,Minister of Urban Development and Housing,:RW,"Minister of Environment, Wildlife, Forest Resources, Water Supply, Plantation and Community Infrastructure",:AK,Department of Coast Conservation and Coastal Resource Management,department,2024-09-27
2403-53_tr_361,Minister of Wildlife and Forest Resources Conservation,:RW,"Minister of Environment, Wildlife, Forest Resources, Water Supply, Plantation and Community Infrastructure",:AK,Department of Forest Conservation,department,2024-09-27
2403-53_tr_362,Minister of Wildlife and Forest Resources Conservation,:RW,"Minister of Environment, Wildlife, Forest Resources, Water Supply, Plantation and Community Infrastructure",:AK,Department of Wildlife Conservation,department,2024-09-27
2403-53_tr_363,Minister of Wildlife and Forest Resources Conservation,:RW,"Minister of Environment, Wildlife, Forest Resources, Water Supply, Plantation and Community Infrastructure",:AK,Department of National Zoological Gardens,department,2024-09-27
2403-53_tr_364,Minister of Wildlife and Forest Resources Conservation,:RW,"Minister of Environment, Wildlife, Forest Resources, Water Supply, Plantation and Community Infrastructure",:AK,State Timber Corporation,department,2024-09-27
2403-53_tr_365,Minister of Water Supply and Estate Infrastructure Development,:RW,"Minister of Environment, Wildlife, Forest Resources, Water Supply, Plantation and Community Infrastructure",:AK,National Water Supply and Drainage Board,department,2024-09-27
2403-53_tr_366,Minister of Water Supply and Estate Infrastructure Development,:RW,"Minister of Environment, Wildlife, Forest Resources, Water Supply, Plantation and Community Infrastructure",:AK,Water Resources Board,department,2024-09-27
2403-53_tr_367,Minister of Water Supply and Estate Infrastructure Development,:RW,"Minister of Environment, Wildlife, Forest Resources, Water Supply, Plantation and Community Infrastructure",:AK,Department of National Community Water Supply,department,2024-09-27
2403-53_tr_368,Minister of Water Supply and Estate Infrastructure Development,:RW,"Minister of Environment, Wildlife, Forest Resources, Water Supply, Plantation and Community Infrastructure",:AK,New Villages Development Authority for Plantation Region,department,2024-09-27
2403-53_tr_369,Minister of Water Supply and Estate Infrastructure Development,:RW,"Minister of Environment, Wildlife, Forest Resources, Water Supply, Plantation and Community Infrastructure",:AK,Plantation Human Development Trust,department,2024-09-27
2403-53_tr_370,Minister of Water Supply and Estate Infrastructure Development,:RW,"Minister of Environment, Wildlife, Forest Resources, Water Supply, Plantation and Community Infrastructure",:AK,Saumyamoorthi Thondaman Memorial Foundation,department,2024-09-27
2403-53_tr_371,Minister of Water Supply and Estate Infrastructure Development,:RW,"Minister of Environment, Wildlife, Forest Resources, Water Supply, Plantation and Community Infrastructure",:AK,Estate Sector Self-Employment Revolving Fund,department,2024-09-27
2403-53_tr_372,Minister of Agriculture and Plantation Industries,:RW,"Minister of Environment, Wildlife, Forest Resources, Water Supply, Plantation and Community Infrastructure",:AK,National Institute of Plantation Management,department,2024-09-27
2403-53_tr_373,Minister of Agriculture and Plantation Industries,:RW,"Minister of Environment, Wildlife, Forest Resources, Water Supply, Plantation and Community Infrastructure",:AK,Sri Lanka Tea Board,department,2024-09-27
2403-53_tr_374,Minister of Agriculture and Plantation Industries,:RW,"Minister of Environment, Wildlife, Forest Resources, Water Supply, Plantation and Community Infrastructure",:AK,Tea Small Holdings Development Authority,department,2024-09-27
2403-53_tr_375,Minister of Agriculture and Plantation Industries,:RW,"Minister of Environment, Wildlife, Forest Resources, Water Supply, Plantation and Community Infrastructure",:AK,Tea Research Institute,department,2024-09-27
2403-53_tr_376,Minister of Agriculture and Plantation Industries,:RW,"Minister of Environment, Wildlife, Forest Resources, Water Supply, Plantation and Community Infrastructure",:AK,Department of Rubber Development,department,2024-09-27
2403-53_tr_377,Minister of Agriculture and Plantation Industries,:RW,"Minister of Environment, Wildlife, Forest Resources, Water Supply, Plantation and Community Infrastructure",:AK,Rubber Research Institute,department,2024-09-27
2403-53_tr_378,Minister of Agriculture and Plantation Industries,:RW,"Minister of Environment, Wildlife, Forest Resources, Water Supply, Plantation and Community Infrastructure",:AK,Sri Lanka Rubber Manufacturing and Export Corporation,department,2024-09-27
2403-53_tr_379,Minister of Agriculture and Plantation Industries,:RW,"Minister of Environment, Wildlife, Forest Resources, Water Supply, Plantation and Community Infrastructure",:AK,Tea Shakthi Fund,department,2024-09-27
2403-53_tr_380,Minister of Agriculture and Plantation Industries,:RW,"Minister of Environment, Wildlife, Forest Resources, Water Supply, Plantation and Community Infrastructure",:AK,Thurusaviya Fund,department,2024-09-27
2403-53_tr_381,Minister of Agriculture and Plantation Industries,:RW,"Minister of Environment, Wildlife, Forest Resources, Water Supply, Plantation and Community Infrastructure",:AK,Department of Export Agriculture,department,2024-09-27
2403-53_tr_382,Minister of Agriculture and Plantation Industries,:RW,"Minister of Environment, Wildlife, Forest Resources, Water Supply, Plantation and Community Infrastructure",:AK,Sri Lanka Cashew Corporation,department,2024-09-27
2403-53_tr_383,Minister of Agriculture and Plantation Industries,:RW,"Minister of Environment, Wildlife, Forest Resources, Water Supply, Plantation and Community Infrastructure",:AK,Spices and Allied Products Marketing Board,department,2024-09-27
2403-53_tr_384,Minister of Agriculture and Plantation Industries,:RW,"Minister of Environment, Wildlife, Forest Resources, Water Supply, Plantation and Community Infrastructure",:AK,Coconut Cultivation Board,department,2024-09-27
2403-53_tr_385,Minister of Agriculture and Plantation Industries,:RW,"Minister of Environment, Wildlife, Forest Resources, Water Supply, Plantation and Community Infrastructure",:AK,Coconut Development Authority,department,2024-09-27
2403-53_tr_386,Minister of Agriculture and Plantation Industries,:RW,"Minister of Environment, Wildlife, Forest Resources, Water Supply, Plantation and Community Infrastructure",:AK,Coconut Research Institute,department,2024-09-27
2403-53_tr_387,Minister of Agriculture and Plantation Industries,:RW,"Minister of Environment, Wildlife, Forest Resources, Water Supply, Plantation and Community Infrastructure",:AK,Palmyrah Development Board,department,2024-09-27
2403-53_tr_388,Minister of Agriculture and Plantation Industries,:RW,"Minister of Environment, Wildlife, Forest Resources, Water Supply, Plantation and Community Infrastructure",:AK,Kithul Development Board,department,2024-09-27
2403-53_tr_389,Minister of Agriculture and Plantation Industries,:RW,"Minister of Environment, Wildlife, Forest Resources, Water Supply, Plantation and Community Infrastructure",:AK,Kapruka Fund,department,2024-09-27
2403-53_tr_390,Non Cabinet Minister of State Plantation Enterprises Reforms,:RW,"Minister of Environment, Wildlife, Forest Resources, Water Supply, Plantation and Community Infrastructure",:AK,Janatha Estate Development Board,department,2024-09-27
2403-53_tr_391,Non Cabinet Minister of State Plantation Enterprises Reforms,:RW,"Minister of Environment, Wildlife, Forest Resources, Water Supply, Plantation and Community Infrastructure",:AK,Kalubovitiyana Tea Factory Ltd.,department,2024-09-27
2403-53_tr_392,Non Cabinet Minister of State Plantation Enterprises Reforms,:RW,"Minister of Environment, Wildlife, Forest Resources, Water Supply, Plantation and Community Infrastructure",:AK,Sri Lanka State Plantation Corporation,department,2024-09-27
2403-53_tr_393,Non Cabinet Minister of State Plantation Enterprises Reforms,:RW,"Minister of Environment, Wildlife, Forest Resources, Water Supply, Plantation and Community Infrastructure",:AK,Elkaduwa Plantation Company Ltd.,department,2024-09-27
2403-53_tr_394,Non Cabinet Minister of State Plantation Enterprises Reforms,:RW,"Minister of Environment, Wildlife, Forest Resources, Water Supply, Plantation and Community Infrastructure",:AK,Kurunegala Plantation Company Ltd.,department,2024-09-27
2403-53_tr_395,Non Cabinet Minister of State Plantation Enterprises Reforms,:RW,"Minister of Environment, Wildlife, Forest Resources, Water Supply, Plantation and Community Infrastructure",:AK,Chilaw Plantation Company Ltd,department,2024-09-27
2403-53_tr_396,Minister of Investment Promotion,:RW,"Minister of Environment, Wildlife, Forest Resources, Water Supply, Plantation and Community Infrastructure",:AK,Hingurana Sugar Industry Ltd.,department,2024-09-27
2403-53_tr_397,Minister of Investment Promotion,:RW,"Minister of Environment, Wildlife, Forest Resources, Water Supply, Plantation and Community Infrastructure",:AK,Ceylon Sugar (Pvt.) Ltd.,department,2024-09-27
2403-53_tr_398,Minister of Investment Promotion,:RW,"Minister of Environment, Wildlife, Forest Resources, Water Supply, Plantation and Community Infrastructure",:AK,Kantale Sugar Company Ltd.,department,2024-09-27
2403-53_tr_399,Minister of Investment Promotion,:RW,"Minister of Environment, Wildlife, Forest Resources, Water Supply, Plantation and Community Infrastructure",:AK,Sugar Cane Research Institute,department,2024-09-27
2403-53_tr_400,"Minister of Finance, Economic Stabilization and National Policies",:RW,"Minister of Environment, Wildlife, Forest Resources, Water Supply, Plantation and Community Infrastructure",:AK,Galoya Plantation (Pvt.) Company,department,2024-09-27
2403-53_tr_401,Minister of Urban Development and Housing,:RW,"Minister of Rural and Urban Development, Housing and Construction",:AK,Urban Development Authority,department,2024-09-27
2403-53_tr_402,Minister of Urban Development and Housing,:RW,"Minister of Rural and Urban Development, Housing and Construction",:AK,Urban Settlement Development Authority,department,2024-09-27
2403-53_tr_403,Minister of Urban Development and Housing,:RW,"Minister of Rural and Urban Development, Housing and Construction",:AK,Selendiva Investments Limited,department,2024-09-27
2403-53_tr_404,Minister of Urban Development and Housing,:RW,"Minister of Rural and Urban Development, Housing and Construction",:AK,Hotel Developers (Lanka) PLC (PQ 143),department,2024-09-27
2403-53_tr_405,Minister of Urban Development and Housing,:RW,"Minister of Rural and Urban Development, Housing and Construction",:AK,National Physical Planning Department,department,2024-09-27
2403-53_tr_406,Minister of Urban Development and Housing,:RW,"Minister of Rural and Urban Development, Housing and Construction",:AK,Condominium Management Authority (Common Amenities Board),department,2024-09-27
2403-53_tr_407,Minister of Urban Development and Housing,:RW,"Minister of Rural and Urban Development, Housing and Construction",:AK,Sri Lanka Land Development Corporation and its subsidiaries and related institutions,department,2024-09-27
2403-53_tr_408,Minister of Urban Development and Housing,:RW,"Minister of Rural and Urban Development, Housing and Construction",:AK,National Housing Development Authority,department,2024-09-27
2403-53_tr_409,Minister of Urban Development and Housing,:RW,"Minister of Rural and Urban Development, Housing and Construction",:AK,Building Material Corporation Limited,department,2024-09-27
2403-53_tr_410,Minister of Urban Development and Housing,:RW,"Minister of Rural and Urban Development, Housing and Construction",:AK,Department of Buildings,department,2024-09-27
2403-53_tr_411,Minister of Urban Development and Housing,:RW,"Minister of Rural and Urban Development, Housing and Construction",:AK,Department of Government Factories,department,2024-09-27
2403-53_tr_412,Minister of Urban Development and Housing,:RW,"Minister of Rural and Urban Development, Housing and Construction",:AK,Construction Industry Development Authority,department,2024-09-27
2403-53_tr_413,Minister of Urban Development and Housing,:RW,"Minister of Rural and Urban Development, Housing and Construction",:AK,Ocean View Development (Pvt) Ltd.,department,2024-09-27
2403-53_tr_414,"Minister of Finance, Economic Stabilization and National Policies",:RW,"Minister of Rural and Urban Development, Housing and Construction",:AK,State Engineering Corporation,department,2024-09-27
2403-53_tr_415,"Minister of Finance, Economic Stabilization and National Policies",:RW,"Minister of Rural and Urban Development, Housing and Construction",:AK,National Equipment and Machinery Organization,department,2024-09-27
2403-53_tr_416,Minister of Technology,:RW,"Minister of Education, Science and Technology",:AK,Data Protection Authority of Sri Lanka,department,2024-09-27
2403-53_tr_417,Minister of Mass Media,:RW,"Minister of Buddhasasana, Religious and Cultural Affairs, National Integration, Social Security, and Mass Media",:AK,Selacine Media Solutions (PVT) LTD,department,2024-09-27
2403-53_tr_418,"Minister of Buddhasasana, Religious and Cultural Affairs",:RW,"Minister of Buddhasasana, Religious and Cultural Affairs, National Integration, Social Security, and Mass Media",:AK,J.R. Jayewardene Centre,department,2024-09-27
2403-53_tr_419,"Minister of Buddhasasana, Religious and Cultural Affairs",:RW,"Minister of Buddhasasana, Religious and Cultural Affairs, National Integration, Social Security, and Mass Media",:AK,S W R D Bandaranaike National Memorial Foundation,department,2024-09-27
2403-53_tr_420,Minister of Agriculture and Plantation Industries,:RW,"Minister of Environment, Wildlife, Forest Resources, Water Supply, Plantation and Community Infrastructure",:AK,Department of Cinnamon Development,department,2024-09-27
2403-53_tr_421,Minister of Defence,:RW,Minister of Defence,:AK,Defence Services School,department,2024-09-27
2403-53_tr_422,"Minister of Finance, Economic Stabilization and National Policies",:RW,"Minister of Finance, Economic Development, Policy Formulation, Planning and Tourism",:AK,National Planning Department,department,2024-09-27
2403-53_tr_423,"Minister of Finance, Economic Stabilization and National Policies",:RW,"Minister of Finance, Economic Development, Policy Formulation, Planning and Tourism",:AK,Department of Trade and Investment Policies,department,2024-09-27
2403-53_tr_424,"Minister of Finance, Economic Stabilization and National Policies",:RW,"Minister of Finance, Economic Development, Policy Formulation, Planning and Tourism",:AK,Import and Export Control Department,department,2024-09-27
2403-53_tr_425,Minister of Agriculture and Plantation Industries,:RW,"Minister of Agriculture, Lands, Livestock, Irrigation, Fisheries and Aquatic Resources",:AK,Institute of Post-Harvest Technology,department,2024-09-27
2403-53_tr_426,Minister of Tourism and Lands,:RW,"Minister of Agriculture, Lands, Livestock, Irrigation, Fisheries and Aquatic Resources",:AK,Department of Land Settlement,department,2024-09-27
2403-53_tr_427,Minister of Tourism and Lands,:RW,"Minister of Agriculture, Lands, Livestock, Irrigation, Fisheries and Aquatic Resources",:AK,Sri Lanka Survey Department,department,2024-09-27
2403-53_tr_428,Minister of Education,:RW,"Minister of Education, Science and Technology",:AK,Sri Lanka Publication Development Bureau,department,2024-09-27
2403-53_tr_429,Minister of Education,:RW,"Minister of Education, Science and Technology",:AK,National Research Council,department,2024-09-27
2403-53_tr_430,Minister of Industries,:RW,"Minister of Trade, Commerce, Food Security, Co-operative Development, Industry and Entrepreneurship Development",:AK,SME Venture Capital Company,department,2024-09-27
2403-53_tr_431,Minister of Industries,:RW,"Minister of Trade, Commerce, Food Security, Co-operative Development, Industry and Entrepreneurship Development",:AK,SME Authority,department,2024-09-27
2403-53_tr_432,"Minister of Finance, Economic Stabilization and National Policies",:RW,"Minister of Trade, Commerce, Food Security, Co-operative Development, Industry and Entrepreneurship Development",:AK,BCC (Pvt) Limited,department,2024-09-27
2403-53_tr_433,"Minister of Justice, Prisons Affairs and Constitutional Reforms",:RW,"Minister of Buddhasasana, Religious and Cultural Affairs, National Integration, Social Security, and Mass Media",:AK,Office of Missing Persons,department,2024-09-27
2403-53_tr_434,Minister of Transport and Highways,:RW,"Minister of Transport, Highways, Ports and Civil Aviation",:AK,Lakdiva Engineering Ltd,department,2024-09-27
2403-53_tr_435,Minister of Agriculture and Plantation Industries,:RW,"Minister of Environment, Wildlife, Forest Resources, Water Supply, Plantation and Community Infrastructure",:AK,Tea and Rubber Estates (Control and Fragmentation) Board,department,2024-09-27
2403-53_tr_436,"Minister of Ports, Shipping and Aviation",:RW,"Minister of Transport, Highways, Ports and Civil Aviation",:AK,Sri Lanka Ports Authority and its Subsidiaries and Associates,department,2024-09-27
2403-53_tr_437,"Minister of Ports, Shipping and Aviation",:RW,"Minister of Transport, Highways, Ports and Civil Aviation",:AK,Ceylon Shipping Corporation Ltd.,department,2024-09-27
2403-53_tr_438,"Minister of Ports, Shipping and Aviation",:RW,"Minister of Transport, Highways, Ports and Civil Aviation",:AK,Merchant Shipping Secretariat,department,2024-09-27
2403-53_tr_439,"Minister of Ports, Shipping and Aviation",:RW,"Minister of Transport, Highways, Ports and Civil Aviation",:AK,Civil Aviation Authority of Sri Lanka,department,2024-09-27
2403-53_tr_440,"Minister of Ports, Shipping and Aviation",:RW,"Minister of Transport, Highways, Ports and Civil Aviation",:AK,Airport and Aviation Services (Sri Lanka) Ltd.,department,2024-09-27
2403-53_tr_441,"Minister of Ports, Shipping and Aviation",:RW,"Minister of Transport, Highways, Ports and Civil Aviation",:AK,Sri Lankan Air Lines Limited and its subsidiaries,department,2024-09-27